Area,File,PAN,PAS,Both
12,12blast2demPAN_Slope_DEM.tif,Y,N,N
13,13blast2demPAN_Slope_DEM.tif,Y,N,N
14,14blast2demPAN_Slope_DEM.tif,Y,N,N
24,24blast2demPAN_Slope_DEM.tif,Y,N,N
25,25blast2demPAN_Slope_DEM.tif,Y,N,N
26,26blast2demPAS_Slope_DEM.tif,N,Y,N
28,28blast2demPAN_Slope_DEM.tif,Y,N,N
29,29blast2demPAN_Slope_DEM.tif,Y,N,N
30,30blast2demPAN_Slope_DEM.tif,Y,N,N
31,31blast2demPAN_Slope_DEM.tif,Y,N,N
33,33blast2demPAN_Slope_DEM.tif,Y,Y,Y
34,34blast2demPAN_Slope_DEM.tif,Y,N,N
35,35blast2demPAN_Slope_DEM.tif,Y,N,N
36,36blast2demPAN_Slope_DEM.tif,Y,N,N
37,37blast2demPAN_Slope_DEM.tif,Y,N,N
38,38blast2demPAN_Slope_DEM.tif,Y,N,N
39,39blast2demPAN_Slope_DEM.tif,Y,N,N
40,40blast2demPAN_Slope_DEM.tif,Y,N,N
41,41blast2demPAS_Slope_DEM.tif,N,Y,N
42,42blast2demPAS_Slope_DEM.tif,N,Y,N
43,43blast2demPAS_Slope_DEM.tif,N,Y,N
44,44blast2demPAN_Slope_DEM.tif,Y,N,N
45,45blast2demPAN_Slope_DEM.tif,Y,N,N
46,46blast2demPAS_Slope_DEM.tif,N,Y,N
47,47blast2demPAN_Slope_DEM.tif,Y,N,N
48,48blast2demPAS_Slope_DEM.tif,N,Y,N
49,49blast2demPAS_Slope_DEM.tif,N,Y,N
50,50blast2demPAS_Slope_DEM.tif,N,Y,N
51,51blast2demPAS_Slope_DEM.tif,N,Y,N
52,52blast2demPAS_Slope_DEM.tif,N,Y,N
53,53blast2demPAS_Slope_DEM.tif,N,Y,N
54,54blast2demPAN_Slope_DEM.tif,Y,N,N
55,55blast2demPAN_Slope_DEM.tif,Y,N,N
56,56blast2demPAS_Slope_DEM.tif,N,Y,N
57,57blast2demPAN_Slope_DEM.tif,Y,N,N
58,58blast2demPAN_Slope_DEM.tif,Y,Y,Y
59,59blast2demPAN_Slope_DEM.tif,Y,N,N
60,60blast2demPAN_Slope_DEM.tif,Y,Y,Y
61,61blast2demPAN_Slope_DEM.tif,Y,N,N
62,62blast2demPAN_Slope_DEM.tif,Y,N,N
63,63blast2demPAN_Slope_DEM.tif,Y,N,N
64,64blast2demPAN_Slope_DEM.tif,Y,N,N
65,65blast2demPAS_Slope_DEM.tif,N,Y,N
66,66blast2demPAN_Slope_DEM.tif,Y,N,N
67,67blast2demPAS_Slope_DEM.tif,N,Y,N
68,68blast2demPAN_Slope_DEM.tif,Y,N,N
69,69blast2demPAN_Slope_DEM.tif,Y,N,N
70,70blast2demPAN_Slope_DEM.tif,Y,N,N
71,71blast2demPAS_Slope_DEM.tif,N,Y,N
72,72blast2demPAN_Slope_DEM.tif,Y,N,N
73,73blast2demPAS_Slope_DEM.tif,N,Y,N
74,74blast2demPAN_Slope_DEM.tif,Y,N,N
75,75blast2demPAN_Slope_DEM.tif,Y,N,N
76,76blast2demPAS_Slope_DEM.tif,N,Y,N
77,77blast2demPAN_Slope_DEM.tif,Y,N,N
78,78blast2demPAN_Slope_DEM.tif,Y,N,N
79,79blast2demPAS_Slope_DEM.tif,N,Y,N
80,80blast2demPAS_Slope_DEM.tif,N,Y,N
81,81blast2demPAS_Slope_DEM.tif,N,Y,N
82,82blast2demPAS_Slope_DEM.tif,N,Y,N
83,83blast2demPAS_Slope_DEM.tif,N,Y,N
84,84blast2demPAN_Slope_DEM.tif,Y,Y,Y
85,85blast2demPAN_Slope_DEM.tif,Y,N,N
86,86blast2demPAN_Slope_DEM.tif,Y,N,N
87,87blast2demPAN_Slope_DEM.tif,Y,N,N
88,88blast2demPAS_Slope_DEM.tif,N,Y,N
89,89blast2demPAN_Slope_DEM.tif,Y,N,N
90,90blast2demPAN_Slope_DEM.tif,Y,N,N
91,91blast2demPAN_Slope_DEM.tif,Y,N,N
92,92blast2demPAN_Slope_DEM.tif,Y,N,N
93,93blast2demPAS_Slope_DEM.tif,N,Y,N
94,94blast2demPAN_Slope_DEM.tif,Y,N,N
95,95blast2demPAN_Slope_DEM.tif,Y,Y,Y
96,96blast2demPAN_Slope_DEM.tif,Y,N,N
97,97blast2demPAS_Slope_DEM.tif,N,Y,N
100,100blast2demPAN_Slope_DEM.tif,Y,N,N
101,101blast2demPAN_Slope_DEM.tif,Y,N,N
102,102blast2demPAN_Slope_DEM.tif,Y,N,N
103,103blast2demPAN_Slope_DEM.tif,Y,N,N
104,104blast2demPAS_Slope_DEM.tif,N,Y,N
105,105blast2demPAN_Slope_DEM.tif,Y,Y,Y
106,106blast2demPAS_Slope_DEM.tif,N,Y,N
107,107blast2demPAS_Slope_DEM.tif,N,Y,N
108,108blast2demPAN_Slope_DEM.tif,Y,Y,Y
109,109blast2demPAN_Slope_DEM.tif,Y,N,N
110,110blast2demPAS_Slope_DEM.tif,N,Y,N
111,111blast2demPAS_Slope_DEM.tif,N,Y,N
112,112blast2demPAS_Slope_DEM.tif,N,Y,N
113,113blast2demPAS_Slope_DEM.tif,N,Y,N
114,114blast2demPAN_Slope_DEM.tif,Y,N,N
115,115blast2demPAN_Slope_DEM.tif,Y,N,N
116,116blast2demPAN_Slope_DEM.tif,Y,N,N
117,117blast2demPAS_Slope_DEM.tif,N,Y,N
118,118blast2demPAS_Slope_DEM.tif,N,Y,N
119,119blast2demPAN_Slope_DEM.tif,Y,N,N
120,120blast2demPAN_Slope_DEM.tif,Y,Y,Y
121,121blast2demPAS_Slope_DEM.tif,N,Y,N
122,122blast2demPAN_Slope_DEM.tif,Y,N,N
123,123blast2demPAN_Slope_DEM.tif,Y,N,N
124,124blast2demPAS_Slope_DEM.tif,N,Y,N
126,126blast2demPAN_Slope_DEM.tif,Y,N,N
127,127blast2demPAN_Slope_DEM.tif,Y,N,N
128,128blast2demPAS_Slope_DEM.tif,N,Y,N
129,129blast2demPAN_Slope_DEM.tif,Y,N,N
130,130blast2demPAN_Slope_DEM.tif,Y,N,N
131,131blast2demPAS_Slope_DEM.tif,N,Y,N
132,132blast2demPAN_Slope_DEM.tif,Y,Y,Y
133,133blast2demPAN_Slope_DEM.tif,Y,N,N
134,134blast2demPAN_Slope_DEM.tif,Y,N,N
135,135blast2demPAN_Slope_DEM.tif,Y,N,N
136,136blast2demPAS_Slope_DEM.tif,N,Y,N
137,137blast2demPAN_Slope_DEM.tif,Y,Y,Y
138,138blast2demPAS_Slope_DEM.tif,N,Y,N
139,139blast2demPAS_Slope_DEM.tif,N,Y,N
140,140blast2demPAN_Slope_DEM.tif,Y,N,N
141,141blast2demPAN_Slope_DEM.tif,Y,N,N
142,142blast2demPAN_Slope_DEM.tif,Y,N,N
143,143blast2demPAN_Slope_DEM.tif,Y,N,N
144,144blast2demPAN_Slope_DEM.tif,Y,N,N
145,145blast2demPAS_Slope_DEM.tif,N,Y,N
146,146blast2demPAN_Slope_DEM.tif,Y,N,N
147,147blast2demPAS_Slope_DEM.tif,N,Y,N
148,148blast2demPAS_Slope_DEM.tif,N,Y,N
149,149blast2demPAN_Slope_DEM.tif,Y,N,N
150,150blast2demPAS_Slope_DEM.tif,N,Y,N
151,151blast2demPAN_Slope_DEM.tif,Y,Y,Y
152,152blast2demPAN_Slope_DEM.tif,Y,N,N
153,153blast2demPAS_Slope_DEM.tif,N,Y,N
154,154blast2demPAN_Slope_DEM.tif,Y,N,N
155,155blast2demPAN_Slope_DEM.tif,Y,N,N
156,156blast2demPAS_Slope_DEM.tif,N,Y,N
157,157blast2demPAS_Slope_DEM.tif,N,Y,N
158,158blast2demPAN_Slope_DEM.tif,Y,Y,Y
159,159blast2demPAN_Slope_DEM.tif,Y,N,N
160,160blast2demPAS_Slope_DEM.tif,N,Y,N
161,161blast2demPAN_Slope_DEM.tif,Y,N,N
162,162blast2demPAN_Slope_DEM.tif,Y,N,N
163,163blast2demPAN_Slope_DEM.tif,Y,N,N
164,164blast2demPAS_Slope_DEM.tif,N,Y,N
165,165blast2demPAN_Slope_DEM.tif,Y,N,N
166,166blast2demPAS_Slope_DEM.tif,N,Y,N
167,167blast2demPAN_Slope_DEM.tif,Y,N,N
168,168blast2demPAN_Slope_DEM.tif,Y,Y,Y
169,169blast2demPAS_Slope_DEM.tif,N,Y,N
170,170blast2demPAS_Slope_DEM.tif,N,Y,N
171,171blast2demPAS_Slope_DEM.tif,N,Y,N
172,172blast2demPAN_Slope_DEM.tif,Y,N,N
173,173blast2demPAS_Slope_DEM.tif,N,Y,N
98,98blast2demPAN_Slope_DEM.tif,Y,N,N
99,99blast2demPAS_Slope_DEM.tif,N,Y,N
174,174blast2demPAS_Slope_DEM.tif,N,Y,N
175,175blast2demPAN_Slope_DEM.tif,Y,N,N
176,176blast2demPAN_Slope_DEM.tif,Y,N,N
178,178blast2demPAS_Slope_DEM.tif,N,Y,N
179,179blast2demPAS_Slope_DEM.tif,N,Y,N
180,180blast2demPAN_Slope_DEM.tif,Y,N,N
181,181blast2demPAS_Slope_DEM.tif,N,Y,N
182,182blast2demPAS_Slope_DEM.tif,N,Y,N
183,183blast2demPAN_Slope_DEM.tif,Y,N,N
184,184blast2demPAS_Slope_DEM.tif,N,Y,N
185,185blast2demPAS_Slope_DEM.tif,N,Y,N
186,186blast2demPAN_Slope_DEM.tif,Y,N,N
187,187blast2demPAN_Slope_DEM.tif,Y,N,N
188,188blast2demPAS_Slope_DEM.tif,N,Y,N
189,189blast2demPAS_Slope_DEM.tif,N,Y,N
190,190blast2demPAN_Slope_DEM.tif,Y,N,N
191,191blast2demPAN_Slope_DEM.tif,Y,N,N
192,192blast2demPAN_Slope_DEM.tif,Y,N,N
193,193blast2demPAN_Slope_DEM.tif,Y,Y,Y
194,194blast2demPAS_Slope_DEM.tif,N,Y,N
195,195blast2demPAN_Slope_DEM.tif,Y,N,N
196,196blast2demPAS_Slope_DEM.tif,N,Y,N
197,197blast2demPAN_Slope_DEM.tif,Y,N,N
198,198blast2demPAS_Slope_DEM.tif,N,Y,N
199,199blast2demPAN_Slope_DEM.tif,Y,N,N
200,200blast2demPAN_Slope_DEM.tif,Y,N,N
201,201blast2demPAN_Slope_DEM.tif,Y,Y,Y
202,202blast2demPAN_Slope_DEM.tif,Y,N,N
203,203blast2demPAS_Slope_DEM.tif,N,Y,N
204,204blast2demPAN_Slope_DEM.tif,Y,N,N
205,205blast2demPAS_Slope_DEM.tif,N,Y,N
206,206blast2demPAN_Slope_DEM.tif,Y,N,N
207,207blast2demPAN_Slope_DEM.tif,Y,N,N
208,208blast2demPAN_Slope_DEM.tif,Y,N,N
209,209blast2demPAN_Slope_DEM.tif,Y,N,N
210,210blast2demPAS_Slope_DEM.tif,N,Y,N
211,211blast2demPAS_Slope_DEM.tif,N,Y,N
212,212blast2demPAN_Slope_DEM.tif,Y,Y,Y
213,213blast2demPAN_Slope_DEM.tif,Y,N,N
214,214blast2demPAN_Slope_DEM.tif,Y,N,N
215,215blast2demPAS_Slope_DEM.tif,N,Y,N
216,216blast2demPAS_Slope_DEM.tif,N,Y,N
217,217blast2demPAN_Slope_DEM.tif,Y,Y,Y
218,218blast2demPAN_Slope_DEM.tif,Y,N,N
219,219blast2demPAN_Slope_DEM.tif,Y,N,N
220,220blast2demPAS_Slope_DEM.tif,N,Y,N
221,221blast2demPAN_Slope_DEM.tif,Y,N,N
222,222blast2demPAS_Slope_DEM.tif,N,Y,N
223,223blast2demPAS_Slope_DEM.tif,N,Y,N
224,224blast2demPAN_Slope_DEM.tif,Y,N,N
225,225blast2demPAS_Slope_DEM.tif,N,Y,N
226,226blast2demPAN_Slope_DEM.tif,Y,N,N
227,227blast2demPAS_Slope_DEM.tif,N,Y,N
228,228blast2demPAS_Slope_DEM.tif,N,Y,N
229,229blast2demPAS_Slope_DEM.tif,N,Y,N
230,230blast2demPAS_Slope_DEM.tif,N,Y,N
231,231blast2demPAS_Slope_DEM.tif,N,Y,N
232,232blast2demPAS_Slope_DEM.tif,N,Y,N
233,233blast2demPAN_Slope_DEM.tif,Y,Y,Y
234,234blast2demPAS_Slope_DEM.tif,N,Y,N
235,235blast2demPAS_Slope_DEM.tif,N,Y,N
236,236blast2demPAN_Slope_DEM.tif,Y,N,N
237,237blast2demPAN_Slope_DEM.tif,Y,N,N
238,238blast2demPAS_Slope_DEM.tif,N,Y,N
239,239blast2demPAN_Slope_DEM.tif,Y,N,N
242,242blast2demPAS_Slope_DEM.tif,N,Y,N
243,243blast2demPAS_Slope_DEM.tif,N,Y,N
244,244blast2demPAN_Slope_DEM.tif,Y,N,N
245,245blast2demPAS_Slope_DEM.tif,N,Y,N
246,246blast2demPAS_Slope_DEM.tif,N,Y,N
247,247blast2demPAS_Slope_DEM.tif,N,Y,N
248,248blast2demPAS_Slope_DEM.tif,N,Y,N
249,249blast2demPAS_Slope_DEM.tif,N,Y,N
250,250blast2demPAN_Slope_DEM.tif,Y,N,N
251,251blast2demPAS_Slope_DEM.tif,N,Y,N
252,252blast2demPAN_Slope_DEM.tif,Y,N,N
253,253blast2demPAN_Slope_DEM.tif,Y,N,N
254,254blast2demPAS_Slope_DEM.tif,N,Y,N
255,255blast2demPAN_Slope_DEM.tif,Y,N,N
256,256blast2demPAS_Slope_DEM.tif,N,Y,N
257,257blast2demPAN_Slope_DEM.tif,Y,Y,Y
258,258blast2demPAN_Slope_DEM.tif,Y,Y,Y
259,259blast2demPAS_Slope_DEM.tif,N,Y,N
260,260blast2demPAN_Slope_DEM.tif,Y,N,N
261,261blast2demPAS_Slope_DEM.tif,N,Y,N
262,262blast2demPAS_Slope_DEM.tif,N,Y,N
263,263blast2demPAN_Slope_DEM.tif,Y,N,N
264,264blast2demPAS_Slope_DEM.tif,N,Y,N
265,265blast2demPAS_Slope_DEM.tif,N,Y,N
266,266blast2demPAN_Slope_DEM.tif,Y,N,N
267,267blast2demPAS_Slope_DEM.tif,N,Y,N
268,268blast2demPAN_Slope_DEM.tif,Y,N,N
269,269blast2demPAN_Slope_DEM.tif,Y,N,N
270,270blast2demPAN_Slope_DEM.tif,Y,N,N
271,271blast2demPAS_Slope_DEM.tif,N,Y,N
272,272blast2demPAN_Slope_DEM.tif,Y,N,N
273,273blast2demPAS_Slope_DEM.tif,N,Y,N
274,274blast2demPAS_Slope_DEM.tif,N,Y,N
275,275blast2demPAS_Slope_DEM.tif,N,Y,N
276,276blast2demPAS_Slope_DEM.tif,N,Y,N
277,277blast2demPAN_Slope_DEM.tif,Y,N,N
278,278blast2demPAN_Slope_DEM.tif,Y,Y,Y
279,279blast2demPAS_Slope_DEM.tif,N,Y,N
280,280blast2demPAS_Slope_DEM.tif,N,Y,N
281,281blast2demPAS_Slope_DEM.tif,N,Y,N
282,282blast2demPAN_Slope_DEM.tif,Y,N,N
283,283blast2demPAN_Slope_DEM.tif,Y,N,N
284,284blast2demPAN_Slope_DEM.tif,Y,Y,Y
285,285blast2demPAS_Slope_DEM.tif,N,Y,N
286,286blast2demPAS_Slope_DEM.tif,N,Y,N
287,287blast2demPAS_Slope_DEM.tif,N,Y,N
288,288blast2demPAS_Slope_DEM.tif,N,Y,N
290,290blast2demPAS_Slope_DEM.tif,N,Y,N
291,291blast2demPAN_Slope_DEM.tif,Y,N,N
292,292blast2demPAN_Slope_DEM.tif,Y,N,N
293,293blast2demPAN_Slope_DEM.tif,Y,N,N
294,294blast2demPAN_Slope_DEM.tif,Y,N,N
295,295blast2demPAN_Slope_DEM.tif,Y,N,N
296,296blast2demPAS_Slope_DEM.tif,N,Y,N
297,297blast2demPAS_Slope_DEM.tif,N,Y,N
298,298blast2demPAN_Slope_DEM.tif,Y,N,N
299,299blast2demPAN_Slope_DEM.tif,Y,N,N
300,300blast2demPAN_Slope_DEM.tif,Y,N,N
301,301blast2demPAN_Slope_DEM.tif,Y,N,N
302,302blast2demPAS_Slope_DEM.tif,N,Y,N
303,303blast2demPAS_Slope_DEM.tif,N,Y,N
304,304blast2demPAS_Slope_DEM.tif,N,Y,N
305,305blast2demPAS_Slope_DEM.tif,N,Y,N
306,306blast2demPAN_Slope_DEM.tif,Y,N,N
307,307blast2demPAN_Slope_DEM.tif,Y,N,N
309,309blast2demPAN_Slope_DEM.tif,Y,N,N
310,310blast2demPAN_Slope_DEM.tif,Y,N,N
311,311blast2demPAN_Slope_DEM.tif,Y,N,N
312,312blast2demPAN_Slope_DEM.tif,Y,N,N
313,313blast2demPAN_Slope_DEM.tif,Y,N,N
314,314blast2demPAN_Slope_DEM.tif,Y,N,N
315,315blast2demPAS_Slope_DEM.tif,N,Y,N
316,316blast2demPAN_Slope_DEM.tif,Y,N,N
317,317blast2demPAN_Slope_DEM.tif,Y,Y,Y
318,318blast2demPAN_Slope_DEM.tif,Y,N,N
320,320blast2demPAN_DEM_Slope.tif,Y,N,N
321,321blast2demPAN_Slope_DEM.tif,Y,N,N
322,322blast2demPAS_Slope_DEM.tif,N,Y,N
323,323blast2demPAN_Slope_DEM.tif,Y,N,N
324,324blast2demPAS_Slope_DEM.tif,N,Y,N
325,325blast2demPAN_Slope_DEM.tif,Y,N,N
326,326blast2demPAS_Slope_DEM.tif,N,Y,N
327,327blast2demPAS_Slope_DEM.tif,N,Y,N
328,328blast2demPAS_Slope_DEM.tif,N,Y,N
329,329blast2demPAN_Slope_DEM.tif,Y,Y,Y
330,330blast2demPAN_Slope_DEM.tif,Y,N,N
331,331blast2demPAN_Slope_DEM.tif,Y,N,N
332,332blast2demPAS_Slope_DEM.tif,N,Y,N
333,333blast2demPAN_Slope_DEM.tif,Y,N,N
335,335blast2demPAN_Slope_DEM.tif,Y,N,N
